<Jobs>
<PositionProfile>
  <bdCustomTag value="job.id"><![CDATA[190768]]></bdCustomTag>
  <PositionTitle><![CDATA[Construction Foreman]]></PositionTitle>
  <PositionOrganization>
    <OrganizationIdentifiers>
      <OrganizationName><![CDATA[Sample Data]]></OrganizationName>
    </OrganizationIdentifiers>
  </PositionOrganization>
  <PositionFormattedDescription><![CDATA[<div>
<p><strong>Jake's Demo&nbsp;</strong>has been performing large, small and emergency services in our community for 35 years. Our plumbers and HVAC technicians are highly skilled and utilize the latest technologies in our industry! From emergency repairs to a major renovation, a small or large commercial, industrial or multi-family installation, we have the resources. Years of extensive experience, training and education enable us to keep your business flowing smoothly&hellip; 24/7.&nbsp;</p>
<p>Call us at 515-555-5555 or stop by, we are located at 1309 Pennsylvania Ave., South Houston, TX 77587. &nbsp;Office hours are Monday- Friday 8am - 5pm.</p>
<p><strong>Company Benefits</strong></p>
<ul>
<li>$47-$52/hour</li>
<li>Company outings &amp; parties, a great work environment and an awesome support team!</li>
<li>Tool purchase and replacement program</li>
<li>Boiler Training&nbsp;</li>
<li>Smart phone &amp; Tablet</li>
<li>On call pay</li>
<li>Paid Holidays and Vacation</li>
<li>A fully stocked vehicle to drive home, uniforms and laundry service</li>
<li>Medical, Dental and Vision Insurance</li>
<li>Long Term and Short Term Disability Coverage</li>
<li>Life Insurance</li>
<li>401K with matching and vesting</li>
</ul>
<p>We are currently seeking Construction Foreman<strong>&nbsp;</strong>to join our growing team!</p>
<p>Our company is GROWING and we are looking to add members to our production team. &nbsp;Our company will provide extensive training to qualified applicants on the specific solutions we provide to our customers. &nbsp;</p>
<p>We are looking for a hands-on foreman to be responsible for the installation of the company's egress window, waterproofing and foundation repair products according to quality standards, job specifications, and safety regulations. Our foremen work hard and get rewarded with excellent pay and benefits. Some travel is required.</p>
<p>Description: Lead the team installing waterproofing, crawlspace, egress windows, and foundation repair projects.&nbsp;</p>
<p><strong>Job Responsibilities</strong></p>
<ul>
<li>Install waterproofing, egress windows, foundation repair, and crawlspace products.</li>
<li>Discuss with customers the installation timeline and construction process.</li>
<li>Lead the loading and unloading of materials and tools. Distribute according to project plans.</li>
<li>Train and provide assistance to other workers and foreman as necessary.</li>
<li>Read and interpret plans, instructions, and specifications to determine work activities.</li>
<li>Operate all tools and equipment required to do each job. Care for these tools and equipment in order to ensure long lasting use.</li>
<li>Clean and prepare construction areas to eliminate possible hazards.</li>
<li>Ensure proper clean-up of all work areas after each job is complete.</li>
</ul>
<p><strong>Qualifications</strong></p>
<ul>
<li>Solid background in construction with a minimum of two years experience required.</li>
<li>Must be able to lift 75lbs</li>
<li>Class A driver&rsquo;s license preferred or willingness to obtain licensure within first month of employment with company provided assistance.</li>
<li>A pre-employment drug screen and valid driver's license are required.</li>
</ul>
</div>
<center><span style="color: #ff0000;"><strong>Equal Opportunity Employer, including disabled and veterans.</strong></span></center>]]></PositionFormattedDescription>
  <PositionLocation>
    <ReferenceLocation>
      <CityName><![CDATA[Clive]]></CityName>
      <CountrySubDivisionCode listID="US States"><![CDATA[IA]]></CountrySubDivisionCode>
      <PostalCode><![CDATA[50325]]></PostalCode>
    </ReferenceLocation>
  </PositionLocation>
  <bdCustomTag value="job.skill_tags"><![CDATA[Engineer]]></bdCustomTag>
  <bdCustomTag value="job.status"><![CDATA[open]]></bdCustomTag>
  <bdCustomTag value="job.app_custom_t_and_c"><![CDATA[~app_custom_t_and_c~]]></bdCustomTag>
  <bdCustomTag value="job.telecommute"><![CDATA[False]]></bdCustomTag>
  <bdCustomTag value="job.national"><![CDATA[True]]></bdCustomTag>
  <bdCustomTag value="job.openings_count"><![CDATA[1]]></bdCustomTag>
  <bdCustomTag value="job.left_to_fill_count"><![CDATA[1]]></bdCustomTag>
<bdCustomTag value="JobCustomFields">
<bdCustomTag value="job_custom_field">
<bdCustomTag value="job_custom_field.custom_text"><![CDATA[Are you legally able to work in the United States]]></bdCustomTag>
<bdCustomTag value="job_custom_field.response_type"><![CDATA[score]]></bdCustomTag>
<bdCustomTag value="job_custom_field.response_choices"><![CDATA[<choices><choice><texts><text><value>Yes</value><lang>en</lang></text></texts><value>5</value><value2 /></choice><choice><texts><text><value>No</value><lang>en</lang></text></texts><value>0</value><value2 /></choice></choices>]]></bdCustomTag>
</bdCustomTag>
</bdCustomTag>
<bdCustomTag value="JobLocations">
<bdCustomTag value="job_location_field">
<bdCustomTag value="job_location_field.city"><![CDATA[Clive]]></bdCustomTag>
<bdCustomTag value="job_location_field.state_abbrev"><![CDATA[IA]]></bdCustomTag>
<bdCustomTag value="job_location_field.postal_code"><![CDATA[50325]]></bdCustomTag>
<bdCustomTag value="job_location_field.country_abbrev"><![CDATA[US]]></bdCustomTag>
<bdCustomTag value="job_location_field.primary"><![CDATA[True]]></bdCustomTag>
</bdCustomTag>
</bdCustomTag>
</PositionProfile>
<PositionProfile>
  <bdCustomTag value="job.id"><![CDATA[190769]]></bdCustomTag>
  <PositionTitle><![CDATA[Construction Inspector]]></PositionTitle>
  <PositionOrganization>
    <OrganizationIdentifiers>
      <OrganizationName><![CDATA[Sample Data]]></OrganizationName>
    </OrganizationIdentifiers>
  </PositionOrganization>
  <PositionFormattedDescription><![CDATA[<div>
<p><strong>Jake's Demo&nbsp;</strong>has been performing large, small and emergency services in our community for 35 years. Our plumbers and HVAC technicians are highly skilled and utilize the latest technologies in our industry! From emergency repairs to a major renovation, a small or large commercial, industrial or multi-family installation, we have the resources. Years of extensive experience, training and education enable us to keep your business flowing smoothly&hellip; 24/7.&nbsp;</p>
<p>Call us at 515-555-5555 or stop by, we are located at 1309 Pennsylvania Ave., South Houston, TX 77587. &nbsp;Office hours are Monday- Friday 8am - 5pm.</p>
<p><strong>Company Benefits</strong></p>
<ul>
<li>$48,180-$52,120/year</li>
<li>Company outings &amp; parties, a great work environment and an awesome support team!</li>
<li>Tool purchase and replacement program</li>
<li>Boiler Training&nbsp;</li>
<li>Smart phone &amp; Tablet</li>
<li>On call pay</li>
<li>Paid Holidays and Vacation</li>
<li>A fully stocked vehicle to drive home, uniforms and laundry service</li>
<li>Medical, Dental and Vision Insurance</li>
<li>Long Term and Short Term Disability Coverage</li>
<li>Life Insurance</li>
<li>401K with matching and vesting</li>
</ul>
<p>We are currently seeking Construction Inspector&nbsp;to join our growing team!</p>
<p>&nbsp;</p>
<p><strong>Job Responsibilities</strong></p>
<ul>
<li>Performs technical inspections of construction work pursuant to applications filed with the Department of Buildings.</li>
<li>These applications involve the erection, alteration, and repair of structures throughout the city. The inspector is to determine if construction work is being done safely and in conformance with approved applications, plans, and specifications in accordance with the NYC Construction Code, Zoning Resolution, or other pertinent laws and rules enforced by the Department of Buildings.</li>
<li>Responds to, reports and investigates accidents, incidents and complaints for conformity with NYC Construction Codes, Department rules, other pertinent laws and rules, and approved plans and specifications.</li>
<li>Studies drawings to obtain details for inspections.</li>
<li>Issues violations, summonses and stop work orders.</li>
<li>Verifies licenses of onsite workers.</li>
<li>When issuing violations, advises the recipient of the nature of the violating condition.</li>
<li>Testifies as needed, including at ECB, depositions, and court.</li>
<li>Maintains records and makes reports.</li>
<li>Explains and enforces laws and rules relevant to the field.</li>
<li>May assign, supervise, review and evaluate work of subordinates.</li>
<li>May train subordinates in their duties.</li>
<li>May review applications relevant to the field.</li>
<li>May assist supervisor.</li>
<li>Operates a motor vehicle in the performance of assigned duties</li>
</ul>
<p><strong>Qualifications</strong></p>
<ul>
<li>
<p>Five years of full-time, satisfactory experience working in the construction trades as a carpenter, mason, ironworker, plasterer, architect, engineer, building construction superintendent, or inspector of building construction; or</p>
</li>
<li>
<p>A license as a professional engineer or registered architect issued pursuant to the New York State Education law; or</p>
</li>
<li>
<p>Three years of full-time, satisfactory experience as described in "1" above, and two years of formal training or education in an acceptable construction program, given in a college accredited by regional, national, professional or specialized agencies recognized as accrediting bodies by the U.S. Secretary of Education and by the Council for Higher Education Accreditation (CHEA) or a technical school or trade school approved by a state&rsquo;s Department of Education or a recognized accrediting organization; or</p>
</li>
<li>
<p>Three years of participation in the apprentice construction inspection program offered by the Department of Buildings, and either two years of full-time satisfactory experience as described in "1" above, or two years of formal training or education as described in "3" above.</p>
</li>
<li>
<p>Experience not considered acceptable: working as a home-improvement contractor (e.g., doing siding, roofing and painting), sheet metal worker, shipbuilder, metal lather, Sheetrock taper, glazier, insulation installer.</p>
</li>
<li>
<p>Driver License Requirement: At the time of appointment to this position, you must have a motor vehicle driver license valid in the State of New York. If you have moving violations, license suspension or an accident record, you may be disqualified. This license must be maintained for the duration of your employment.</p>
</li>
</ul>
</div>
<center><span style="color: #ff0000;"><strong>Equal Opportunity Employer, including disabled and veterans.</strong></span></center>]]></PositionFormattedDescription>
  <PositionLocation>
    <ReferenceLocation>
      <CityName><![CDATA[Urbandale]]></CityName>
      <CountrySubDivisionCode listID="US States"><![CDATA[IA]]></CountrySubDivisionCode>
      <PostalCode><![CDATA[50322]]></PostalCode>
    </ReferenceLocation>
  </PositionLocation>
  <bdCustomTag value="job.skill_tags"><![CDATA[Management]]></bdCustomTag>
  <bdCustomTag value="job.status"><![CDATA[open]]></bdCustomTag>
  <bdCustomTag value="job.app_custom_t_and_c"><![CDATA[~app_custom_t_and_c~]]></bdCustomTag>
  <bdCustomTag value="job.telecommute"><![CDATA[False]]></bdCustomTag>
  <bdCustomTag value="job.national"><![CDATA[True]]></bdCustomTag>
  <bdCustomTag value="job.openings_count"><![CDATA[1]]></bdCustomTag>
  <bdCustomTag value="job.left_to_fill_count"><![CDATA[1]]></bdCustomTag>
<bdCustomTag value="JobCustomFields">
<bdCustomTag value="job_custom_field">
<bdCustomTag value="job_custom_field.custom_text"><![CDATA[Are you legally able to work in the United States]]></bdCustomTag>
<bdCustomTag value="job_custom_field.response_type"><![CDATA[score]]></bdCustomTag>
<bdCustomTag value="job_custom_field.response_choices"><![CDATA[<choices><choice><texts><text><value>Yes</value><lang>en</lang></text></texts><value>5</value><value2 /></choice><choice><texts><text><value>No</value><lang>en</lang></text></texts><value>0</value><value2 /></choice></choices>]]></bdCustomTag>
</bdCustomTag>
</bdCustomTag>
<bdCustomTag value="JobLocations">
<bdCustomTag value="job_location_field">
<bdCustomTag value="job_location_field.city"><![CDATA[Urbandale]]></bdCustomTag>
<bdCustomTag value="job_location_field.state_abbrev"><![CDATA[IA]]></bdCustomTag>
<bdCustomTag value="job_location_field.postal_code"><![CDATA[50322]]></bdCustomTag>
<bdCustomTag value="job_location_field.country_abbrev"><![CDATA[US]]></bdCustomTag>
<bdCustomTag value="job_location_field.primary"><![CDATA[True]]></bdCustomTag>
</bdCustomTag>
</bdCustomTag>
</PositionProfile>
<PositionProfile>
  <bdCustomTag value="job.id"><![CDATA[190770]]></bdCustomTag>
  <PositionTitle><![CDATA[Customer Service Representative]]></PositionTitle>
  <PositionOrganization>
    <OrganizationIdentifiers>
      <OrganizationName><![CDATA[Sample Data]]></OrganizationName>
    </OrganizationIdentifiers>
  </PositionOrganization>
  <PositionFormattedDescription><![CDATA[<div>
<p><strong>Jake's Demo&nbsp;</strong>has been performing large, small and emergency services in our community for 35 years. Our plumbers and HVAC technicians are highly skilled and utilize the latest technologies in our industry! From emergency repairs to a major renovation, a small or large commercial, industrial or multi-family installation, we have the resources. Years of extensive experience, training and education enable us to keep your business flowing smoothly&hellip; 24/7.&nbsp;</p>
<p>Call us at 515-555-5555 or stop by, we are located at 1309 Pennsylvania Ave., South Houston, TX 77587. &nbsp;Office hours are Monday- Friday 8am - 5pm.</p>
<p><strong>Company Benefits</strong></p>
<ul>
<li>$47-$52/hour</li>
<li>Company outings &amp; parties, a great work environment and an awesome support team!</li>
<li>Tool purchase and replacement program</li>
<li>Boiler Training&nbsp;</li>
<li>Smart phone &amp; Tablet</li>
<li>On call pay</li>
<li>Paid Holidays and Vacation</li>
<li>A fully stocked vehicle to drive home, uniforms and laundry service</li>
<li>Medical, Dental and Vision Insurance</li>
<li>Long Term and Short Term Disability Coverage</li>
<li>Life Insurance</li>
<li>401K with matching and vesting</li>
</ul>
<p>We are currently seeking Customer Service Representative&nbsp;to join our growing team!</p>
<p>&nbsp;</p>
<p><strong>Job Responsibilities</strong></p>
<ul>
<li>Inbound and outbound telephone and email outreach to current customers and follow up through resolution of issue tickets.</li>
<li>Contact clients with delinquent payments, expired and declined credit cards.</li>
<li>Respond to credit card disputes and third party customer service complaint sites/</li>
<li>General office administrative tasks- including FedEx, electronic filing and office supply ordering</li>
<li>Notate and update Salesforce and other databases with client interaction accurately</li>
<li>Follow up with vendors as needed to best serve clients</li>
<li>Assist sales representatives with trouble shooting and client follow up</li>
<li>Attend monthly meetings with management to review standard operating procedures and and status of collections as it pertains to the client services department</li>
</ul>
<p><strong>Qualifications</strong></p>
<ul>
<li>Enthusiastic: You are launching your career and have a passion for making our clients happy. We like treat our families as we would treat our own.</li>
<li>Analytical: You are detail-oriented and results-focused. Your strong suit is in positivity and problem solving. Success is found in making sense of a fast-paced, changing environment with a strong sense of prioritization and organization, allowing you to multi-task quickly and effectively.</li>
<li>Communicative: Possess professional phone and email etiquette. You are able to work effectively in a high volume and multitasking environment while maintaining accuracy.</li>
<li>Ready-to-go: Hustle. You use the tools of your world to manage operations effectively in a fast-paced, deadline-driven environment focused on quality. Bringing a can-do attitude and an eye for detail in our solutions-oriented environment is valued by the team.</li>
<li>YOU MUST have experience with software- Microsoft Office and Salesforce.</li>
<li>YOU MUST have experience taking payments, collecting on past due payments and making upset client happy.</li>
<li>Educated: Bachelor&rsquo;s degree or significant experience equivalent.</li>
</ul>
</div>
<center><span style="color: #ff0000;"><strong>Equal Opportunity Employer, including disabled and veterans.</strong></span></center>]]></PositionFormattedDescription>
  <PositionLocation>
    <ReferenceLocation>
      <CityName><![CDATA[Burnsville]]></CityName>
      <CountrySubDivisionCode listID="US States"><![CDATA[MN]]></CountrySubDivisionCode>
      <PostalCode><![CDATA[55306]]></PostalCode>
    </ReferenceLocation>
  </PositionLocation>
  <bdCustomTag value="job.skill_tags"><![CDATA[Customer Care]]></bdCustomTag>
  <bdCustomTag value="job.status"><![CDATA[open]]></bdCustomTag>
  <bdCustomTag value="job.app_custom_t_and_c"><![CDATA[~app_custom_t_and_c~]]></bdCustomTag>
  <bdCustomTag value="job.telecommute"><![CDATA[False]]></bdCustomTag>
  <bdCustomTag value="job.national"><![CDATA[True]]></bdCustomTag>
  <bdCustomTag value="job.openings_count"><![CDATA[1]]></bdCustomTag>
  <bdCustomTag value="job.left_to_fill_count"><![CDATA[1]]></bdCustomTag>
<bdCustomTag value="JobCustomFields">
<bdCustomTag value="job_custom_field">
<bdCustomTag value="job_custom_field.custom_text"><![CDATA[Are you legally able to work in the United States]]></bdCustomTag>
<bdCustomTag value="job_custom_field.response_type"><![CDATA[score]]></bdCustomTag>
<bdCustomTag value="job_custom_field.response_choices"><![CDATA[<choices><choice><texts><text><value>Yes</value><lang>en</lang></text></texts><value>5</value><value2 /></choice><choice><texts><text><value>No</value><lang>en</lang></text></texts><value>0</value><value2 /></choice></choices>]]></bdCustomTag>
</bdCustomTag>
</bdCustomTag>
<bdCustomTag value="JobLocations">
<bdCustomTag value="job_location_field">
<bdCustomTag value="job_location_field.city"><![CDATA[Burnsville]]></bdCustomTag>
<bdCustomTag value="job_location_field.state_abbrev"><![CDATA[MN]]></bdCustomTag>
<bdCustomTag value="job_location_field.postal_code"><![CDATA[55306]]></bdCustomTag>
<bdCustomTag value="job_location_field.country_abbrev"><![CDATA[US]]></bdCustomTag>
<bdCustomTag value="job_location_field.primary"><![CDATA[True]]></bdCustomTag>
</bdCustomTag>
</bdCustomTag>
</PositionProfile>
<PositionProfile>
  <bdCustomTag value="job.id"><![CDATA[190771]]></bdCustomTag>
  <PositionTitle><![CDATA[General Laborer]]></PositionTitle>
  <PositionOrganization>
    <OrganizationIdentifiers>
      <OrganizationName><![CDATA[Sample Data]]></OrganizationName>
    </OrganizationIdentifiers>
  </PositionOrganization>
  <PositionFormattedDescription><![CDATA[<div>
<p><strong>Jake's Demo&nbsp;</strong>has been performing large, small and emergency services in our community for 35 years. Our plumbers and HVAC technicians are highly skilled and utilize the latest technologies in our industry! From emergency repairs to a major renovation, a small or large commercial, industrial or multi-family installation, we have the resources. Years of extensive experience, training and education enable us to keep your business flowing smoothly&hellip; 24/7.&nbsp;</p>
<p>Call us at 515-555-5555 or stop by, we are located at 1309 Pennsylvania Ave., South Houston, TX 77587. &nbsp;Office hours are Monday- Friday 8am - 5pm.</p>
<p><strong>Company Benefits</strong></p>
<ul>
<li>$10.50&nbsp;per hour</li>
<li>Company outings &amp; parties, a great work environment and an awesome support team!</li>
<li>Tool purchase and replacement program</li>
<li>Boiler Training&nbsp;</li>
<li>Smart phone &amp; Tablet</li>
<li>On call pay</li>
<li>Paid Holidays and Vacation</li>
<li>A fully stocked vehicle to drive home, uniforms and laundry service</li>
<li>Medical, Dental and Vision Insurance</li>
<li>Long Term and Short Term Disability Coverage</li>
<li>Life Insurance</li>
<li>401K with matching and vesting</li>
</ul>
<p>We are currently seeking General Laborer&nbsp;to join our growing team!</p>
<p>&nbsp;</p>
<p><strong>Job Responsibilities</strong></p>
<ul>
<li>Mat Rolling - machine roll mats on a conveyor and place in storage</li>
<li>Mending - mending and patching garments; replacing hooks/snaps or zippers, repairing aprons and buttons</li>
<li>Soil 2 - sorting and counting soiled items</li>
<li>Stockroom 2 - general stocking and receiving, new order shipping, making label ID's, emblems and nametags,&nbsp;activate/close out A, B and C garments, and unloading skids</li>
<li>Sewing Stockroom - sewing emblems, hemming pants, mark, measure and rip pants, and sew emblems, and sleeve emblems</li>
<li>RTS - inspects merchandise received from a closed account</li>
<li>Autosort Plus - using the computer and sorting equipment to sort groups of clean garments</li>
</ul>
<p><strong>Qualifications</strong></p>
<ul>
<li>High School Diploma/GED</li>
<li>0-2 years experience</li>
<li>Great work ethic and and can-do attitude</li>
</ul>
</div>
<center><span style="color: #ff0000;"><strong>Equal Opportunity Employer, including disabled and veterans.</strong></span></center>]]></PositionFormattedDescription>
  <PositionLocation>
    <ReferenceLocation>
      <CityName><![CDATA[Beverly Hills]]></CityName>
      <CountrySubDivisionCode listID="US States"><![CDATA[CA]]></CountrySubDivisionCode>
      <PostalCode><![CDATA[90210]]></PostalCode>
    </ReferenceLocation>
  </PositionLocation>
  <bdCustomTag value="job.skill_tags"><![CDATA[Technician]]></bdCustomTag>
  <bdCustomTag value="job.status"><![CDATA[open]]></bdCustomTag>
  <bdCustomTag value="job.app_custom_t_and_c"><![CDATA[~app_custom_t_and_c~]]></bdCustomTag>
  <bdCustomTag value="job.telecommute"><![CDATA[False]]></bdCustomTag>
  <bdCustomTag value="job.national"><![CDATA[True]]></bdCustomTag>
  <bdCustomTag value="job.openings_count"><![CDATA[1]]></bdCustomTag>
  <bdCustomTag value="job.left_to_fill_count"><![CDATA[1]]></bdCustomTag>
<bdCustomTag value="JobCustomFields">
<bdCustomTag value="job_custom_field">
<bdCustomTag value="job_custom_field.custom_text"><![CDATA[Are you legally able to work in the United States]]></bdCustomTag>
<bdCustomTag value="job_custom_field.response_type"><![CDATA[score]]></bdCustomTag>
<bdCustomTag value="job_custom_field.response_choices"><![CDATA[<choices><choice><texts><text><value>Yes</value><lang>en</lang></text></texts><value>5</value><value2 /></choice><choice><texts><text><value>No</value><lang>en</lang></text></texts><value>0</value><value2 /></choice></choices>]]></bdCustomTag>
</bdCustomTag>
</bdCustomTag>
<bdCustomTag value="JobLocations">
<bdCustomTag value="job_location_field">
<bdCustomTag value="job_location_field.city"><![CDATA[Beverly Hills]]></bdCustomTag>
<bdCustomTag value="job_location_field.state_abbrev"><![CDATA[CA]]></bdCustomTag>
<bdCustomTag value="job_location_field.postal_code"><![CDATA[90210]]></bdCustomTag>
<bdCustomTag value="job_location_field.country_abbrev"><![CDATA[US]]></bdCustomTag>
<bdCustomTag value="job_location_field.primary"><![CDATA[True]]></bdCustomTag>
</bdCustomTag>
</bdCustomTag>
</PositionProfile>
<PositionProfile>
  <bdCustomTag value="job.id"><![CDATA[190772]]></bdCustomTag>
  <PositionTitle><![CDATA[HVAC Service Technician]]></PositionTitle>
  <PositionOrganization>
    <OrganizationIdentifiers>
      <OrganizationName><![CDATA[Sample Data]]></OrganizationName>
    </OrganizationIdentifiers>
  </PositionOrganization>
  <PositionFormattedDescription><![CDATA[<div>
<p><strong>Jake's Demo&nbsp;</strong>has been performing large, small and emergency services in our community for 35 years. Our plumbers and HVAC technicians are highly skilled and utilize the latest technologies in our industry! From emergency repairs to a major renovation, a small or large commercial, industrial or multi-family installation, we have the resources. Years of extensive experience, training and education enable us to keep your business flowing smoothly&hellip; 24/7.&nbsp;</p>
<p>Call us at 515-555-5555 or stop by, we are located at 1309 Pennsylvania Ave., South Houston, TX 77587. &nbsp;Office hours are Monday- Friday 8am - 5pm.</p>
<p><strong>Company Benefits</strong></p>
<ul>
<li>$40,000-$60,000</li>
<li>Company outings &amp; parties, a great work environment and an awesome support team!</li>
<li>Tool purchase and replacement program</li>
<li>Boiler Training&nbsp;</li>
<li>Smart phone &amp; Tablet</li>
<li>On call pay</li>
<li>Paid Holidays and Vacation</li>
<li>A fully stocked vehicle to drive home, uniforms and laundry service</li>
<li>Medical, Dental and Vision Insurance</li>
<li>Long Term and Short Term Disability Coverage</li>
<li>Life Insurance</li>
<li>401K with matching and vesting</li>
</ul>
<p>We are currently seeking <strong>HVAC Service Technician&nbsp;</strong>to join our growing team!</p>
<p>The HVAC Manager is responsible for servicing all system issues in a timely manner and to the customer's satisfaction. These specialists will be responsible for troubleshooting and repairing customer systems, performing scheduled maintenance on residential and commercial equipment, servicing and/or cleaning products/equipment on all residential and commercial job sites, and suggesting and performing system improvements, modifications, etc. to current customers.</p>
<p>This position has working conditions that may expose you to various weather conditions and require you to work outside normal working hours including evenings, weekends, and holidays.</p>
<p><strong>Job Responsibilities</strong></p>
<ul>
<li>Provide general HVAC installation, repair and maintenance services for various residential and commercial equipment types</li>
<li>Be polite and respectful to clients and their property</li>
<li>Good communication skills to be able interact with team members and customers</li>
<li>Ability to work independently</li>
</ul>
<strong>Qualifications</strong>
<ul>
<li>Journeyman certification preferred, but not required</li>
<li>5 years experience in HVAC</li>
<li>High School Diploma/GED</li>
<li>Valid Iowa Driver&rsquo;s License</li>
<li>Clean driving record</li>
</ul>
<img src="http://jobs.ourcareerpages.com/JobStat.aspx?type=view&amp;source=Indeed&amp;id=162982" alt="" height="0" /></div>
<center><span style="color: #ff0000;"><strong>Equal Opportunity Employer, including disabled and veterans.</strong></span></center>]]></PositionFormattedDescription>
  <PositionLocation>
    <ReferenceLocation>
      <CityName><![CDATA[Gray]]></CityName>
      <CountrySubDivisionCode listID="US States"><![CDATA[IA]]></CountrySubDivisionCode>
      <PostalCode><![CDATA[50110]]></PostalCode>
    </ReferenceLocation>
  </PositionLocation>
  <bdCustomTag value="job.skill_tags"><![CDATA[Technician]]></bdCustomTag>
  <bdCustomTag value="job.status"><![CDATA[open]]></bdCustomTag>
  <bdCustomTag value="job.app_custom_t_and_c"><![CDATA[~app_custom_t_and_c~]]></bdCustomTag>
  <bdCustomTag value="job.telecommute"><![CDATA[False]]></bdCustomTag>
  <bdCustomTag value="job.national"><![CDATA[True]]></bdCustomTag>
  <bdCustomTag value="job.openings_count"><![CDATA[1]]></bdCustomTag>
  <bdCustomTag value="job.left_to_fill_count"><![CDATA[1]]></bdCustomTag>
<bdCustomTag value="JobCustomFields">
<bdCustomTag value="job_custom_field">
<bdCustomTag value="job_custom_field.custom_text"><![CDATA[Are you legally able to work in the United States]]></bdCustomTag>
<bdCustomTag value="job_custom_field.response_type"><![CDATA[score]]></bdCustomTag>
<bdCustomTag value="job_custom_field.response_choices"><![CDATA[<choices><choice><texts><text><value>Yes</value><lang>en</lang></text></texts><value>5</value><value2 /></choice><choice><texts><text><value>No</value><lang>en</lang></text></texts><value>0</value><value2 /></choice></choices>]]></bdCustomTag>
</bdCustomTag>
</bdCustomTag>
<bdCustomTag value="JobLocations">
<bdCustomTag value="job_location_field">
<bdCustomTag value="job_location_field.city"><![CDATA[Gray]]></bdCustomTag>
<bdCustomTag value="job_location_field.state_abbrev"><![CDATA[IA]]></bdCustomTag>
<bdCustomTag value="job_location_field.postal_code"><![CDATA[50110]]></bdCustomTag>
<bdCustomTag value="job_location_field.country_abbrev"><![CDATA[US]]></bdCustomTag>
<bdCustomTag value="job_location_field.primary"><![CDATA[True]]></bdCustomTag>
</bdCustomTag>
</bdCustomTag>
</PositionProfile>
<PositionProfile>
  <bdCustomTag value="job.id"><![CDATA[190773]]></bdCustomTag>
  <PositionTitle><![CDATA[Journeyman Plumber]]></PositionTitle>
  <PositionOrganization>
    <OrganizationIdentifiers>
      <OrganizationName><![CDATA[Sample Data]]></OrganizationName>
    </OrganizationIdentifiers>
  </PositionOrganization>
  <PositionFormattedDescription><![CDATA[<div>
<p><strong>Jake's&nbsp;Plumbing</strong> has been performing large, small and emergency services in our community for 35 years. Our plumbers and HVAC technicians are highly skilled and utilize the latest technologies in our industry! From emergency repairs to a major renovation, a small or large commercial, industrial or multi-family installation, we have the resources. Years of extensive experience, training and education enable us to keep your business flowing smoothly&hellip; 24/7.&nbsp;</p>
<p>Call us at 515-555-5555 or stop by, we are located at 1309 Pennsylvania Ave., South Houston, TX 77587. &nbsp;Office hours are Monday- Friday 8am - 5pm.</p>
<p><strong>Company Benefits</strong></p>
<ul>
<li>$25-30.00 per hour</li>
<li>Company outings &amp; parties, a great work environment and an awesome support team!</li>
<li>Tool purchase and replacement program</li>
<li>Boiler Training&nbsp;</li>
<li>Smart phone &amp; Tablet</li>
<li>On call pay</li>
<li>Paid Holidays and Vacation</li>
<li>A fully stocked vehicle to drive home, uniforms and laundry service</li>
<li>Medical, Dental and Vision Insurance</li>
<li>Long Term and Short Term Disability Coverage</li>
<li>Life Insurance</li>
<li>401K with matching and vesting</li>
</ul>
<p>We are currently seeking <strong>Licensed Journeyman/Master Plumbers&nbsp;</strong>to join our growing team!</p>
<p><strong>Licensed Plumbing Technician</strong></p>
<p>The Plumbing Technician is responsible for installing, repairing, and maintaining various plumbing fixtures, and piping used for potable water systems, and wastewater disposal in commercial and industrial buildings in a safe and professional manner.</p>
<p><strong>Job Scope</strong></p>
<ul>
<li>Reports in by 8:00am M-F each day to receive first call. He is responsible for that call until it is completed.&nbsp; The technician will fill out and complete his mobile ticket before he leaves the job with complete notes describing the job from start to finish.&nbsp; The Technician will then complete the invoice before receiving the next job.</li>
<li>Complete all work in cooperation with dispatch, and be responsible for complete customer satisfaction. The Technician will communicate with customer before, during, and after job to keep them fully informed of the progress, necessary repairs, and obtain necessary approvals to do the work recommended.&nbsp;</li>
<li>Communicate with dispatch any changes to work scope, additional time needed to perform the task, and provide an informed quote for any additional work using available technology provided.</li>
</ul>
<p><strong>Job Responsibilities</strong></p>
<ul>
<li>Drive safely to service calls.</li>
<li>Diagnose and provide suggestions on best way to approach the problem.</li>
<li>Maintain good customer service.</li>
<li>Identify required tools and safety equipment</li>
<li>Select the type and size of materials required</li>
<li>Install and/or repair as necessary for customer satisfaction</li>
<li>Test for leaks after each job.</li>
<li>Hand excavation to repair or install water and sewer lines</li>
<li>Backhoe excavation/operation and safety</li>
<li>Keep track of all parts used for each job and log on invoice.</li>
<li>Write estimates and invoices using technology provided</li>
<li>Maintain all building codes and required permits</li>
<li>Ensure all requirements as specified by manufacturer of systems are met.</li>
<li>Ensure all installations, repairs and maintenance are properly sized, aligned, supported and graded.</li>
<li>Ensure all installations, repairs and maintenance meet or exceed the requirements of appropriate jurisdictional codes.</li>
</ul>
<p><strong>Administrative Duties<br /></strong></p>
<ul>
<li>Turn in a completed invoice with all materials and labor accurately accounted for.</li>
<li>Turn in neat and accurate time sheets by 9:00am Tuesday morning complete with dispatch number, job address, and hours worked for that job.&nbsp; Any non-billable hours will be approved by supervisor and initialed on time sheets.</li>
<li>Report any repairs needed to company vehicles or equipment in a timely manner.</li>
<li>Turn in any excess materials from bid jobs to maintain proper truck inventory.</li>
<li>Maintain truck inventory at acceptable level.</li>
<li>Report any issues with company phones or tablets for repair.</li>
<li>Report and turn in any damaged uniforms for replacement.</li>
</ul>
<p><strong>Job Requirements</strong></p>
<ul>
<li>Must be a Licensed Journeyman and/or Master Plumber</li>
<li>Must have a current and valid driver's license with a clean driving record</li>
<li>Offers are contingent upon the successful completion and satisfactory results of a drug and background check</li>
</ul>
<img src="http://jobs.ourcareerpages.com/JobStat.aspx?type=view&amp;source=Indeed&amp;id=162982" alt="" height="0" /></div>
<center>Equal Opportunity Employer, including disabled and veterans.</center>]]></PositionFormattedDescription>
  <PositionLocation>
    <ReferenceLocation>
      <CityName><![CDATA[Presto]]></CityName>
      <CountrySubDivisionCode listID="US States"><![CDATA[PA]]></CountrySubDivisionCode>
      <PostalCode><![CDATA[15142]]></PostalCode>
    </ReferenceLocation>
  </PositionLocation>
  <bdCustomTag value="job.skill_tags"><![CDATA[Technician]]></bdCustomTag>
  <bdCustomTag value="job.status"><![CDATA[open]]></bdCustomTag>
  <bdCustomTag value="job.app_custom_t_and_c"><![CDATA[~app_custom_t_and_c~]]></bdCustomTag>
  <bdCustomTag value="job.telecommute"><![CDATA[False]]></bdCustomTag>
  <bdCustomTag value="job.national"><![CDATA[True]]></bdCustomTag>
  <bdCustomTag value="job.openings_count"><![CDATA[1]]></bdCustomTag>
  <bdCustomTag value="job.left_to_fill_count"><![CDATA[1]]></bdCustomTag>
<bdCustomTag value="JobCustomFields">
<bdCustomTag value="job_custom_field">
<bdCustomTag value="job_custom_field.custom_text"><![CDATA[Are you legally able to work in the United States]]></bdCustomTag>
<bdCustomTag value="job_custom_field.response_type"><![CDATA[score]]></bdCustomTag>
<bdCustomTag value="job_custom_field.response_choices"><![CDATA[<choices><choice><texts><text><value>Yes</value><lang>en</lang></text></texts><value>5</value><value2 /></choice><choice><texts><text><value>No</value><lang>en</lang></text></texts><value>0</value><value2 /></choice></choices>]]></bdCustomTag>
</bdCustomTag>
</bdCustomTag>
<bdCustomTag value="JobLocations">
<bdCustomTag value="job_location_field">
<bdCustomTag value="job_location_field.city"><![CDATA[Presto]]></bdCustomTag>
<bdCustomTag value="job_location_field.state_abbrev"><![CDATA[PA]]></bdCustomTag>
<bdCustomTag value="job_location_field.postal_code"><![CDATA[15142]]></bdCustomTag>
<bdCustomTag value="job_location_field.country_abbrev"><![CDATA[US]]></bdCustomTag>
<bdCustomTag value="job_location_field.primary"><![CDATA[True]]></bdCustomTag>
</bdCustomTag>
</bdCustomTag>
</PositionProfile>
<PositionProfile>
  <bdCustomTag value="job.id"><![CDATA[190774]]></bdCustomTag>
  <PositionTitle><![CDATA[Pipefitter]]></PositionTitle>
  <PositionOrganization>
    <OrganizationIdentifiers>
      <OrganizationName><![CDATA[Sample Data]]></OrganizationName>
    </OrganizationIdentifiers>
  </PositionOrganization>
  <PositionFormattedDescription><![CDATA[<div>
<p><strong>Jake's Demo&nbsp;</strong>has been performing large, small and emergency services in our community for 35 years. Our plumbers and HVAC technicians are highly skilled and utilize the latest technologies in our industry! From emergency repairs to a major renovation, a small or large commercial, industrial or multi-family installation, we have the resources. Years of extensive experience, training and education enable us to keep your business flowing smoothly&hellip; 24/7.&nbsp;</p>
<p>Call us at 515-555-5555 or stop by, we are located at 1309 Pennsylvania Ave., South Houston, TX 77587. &nbsp;Office hours are Monday- Friday 8am - 5pm.</p>
<p><strong>Company Benefits</strong></p>
<ul>
<li>$23-$32/hour</li>
<li>Company outings &amp; parties, a great work environment and an awesome support team!</li>
<li>Tool purchase and replacement program</li>
<li>Boiler Training&nbsp;</li>
<li>Smart phone &amp; Tablet</li>
<li>On call pay</li>
<li>Paid Holidays and Vacation</li>
<li>A fully stocked vehicle to drive home, uniforms and laundry service</li>
<li>Medical, Dental and Vision Insurance</li>
<li>Long Term and Short Term Disability Coverage</li>
<li>Life Insurance</li>
<li>401K with matching and vesting</li>
</ul>
<p>We are currently seeking Pipefitter<strong>&nbsp;</strong>to join our growing team!</p>
<p>Trillium Construction is currently seeking Apprentice and Journeyman Pipefitters to fit steel, galvanized, copper, copper-nickel, and stainless pipes, along with the appropriate valves and fittings in accordance with drawings, arrangements and blueprints. We offer stable work, a competitive wage, and benefits to those who qualify! There is no per diem offered for this position.</p>
<strong>Qualifications</strong>
<ul>
<li>Apprentices must have 2 years of work experience and licensed in MN.</li>
<li>Journeyman must have a State of MN License.</li>
<li>Ability to layout, fabricate, fit, and install various products.</li>
<li>Able to read and understand blueprints.</li>
<li>A valid driver&rsquo;s license.</li>
<li>Reliable transportation.</li>
<li>Own basic hand tools.</li>
<li>Able to use ladders and scaffolding to perform installations.</li>
<li>Ability to pass pre-employment screenings.</li>
</ul>
<img src="http://jobs.ourcareerpages.com/JobStat.aspx?type=view&amp;source=Indeed&amp;id=162982" alt="" height="0" /></div>
<center><span style="color: #ff0000;"><strong>Equal Opportunity Employer, including disabled and veterans.</strong></span></center>]]></PositionFormattedDescription>
  <PositionLocation>
    <ReferenceLocation>
      <CityName><![CDATA[Martell]]></CityName>
      <CountrySubDivisionCode listID="US States"><![CDATA[CA]]></CountrySubDivisionCode>
      <PostalCode><![CDATA[95654]]></PostalCode>
    </ReferenceLocation>
  </PositionLocation>
  <bdCustomTag value="job.skill_tags"><![CDATA[Technician]]></bdCustomTag>
  <bdCustomTag value="job.status"><![CDATA[open]]></bdCustomTag>
  <bdCustomTag value="job.app_custom_t_and_c"><![CDATA[~app_custom_t_and_c~]]></bdCustomTag>
  <bdCustomTag value="job.telecommute"><![CDATA[False]]></bdCustomTag>
  <bdCustomTag value="job.national"><![CDATA[True]]></bdCustomTag>
  <bdCustomTag value="job.openings_count"><![CDATA[1]]></bdCustomTag>
  <bdCustomTag value="job.left_to_fill_count"><![CDATA[1]]></bdCustomTag>
<bdCustomTag value="JobCustomFields">
<bdCustomTag value="job_custom_field">
<bdCustomTag value="job_custom_field.custom_text"><![CDATA[Are you legally able to work in the United States]]></bdCustomTag>
<bdCustomTag value="job_custom_field.response_type"><![CDATA[score]]></bdCustomTag>
<bdCustomTag value="job_custom_field.response_choices"><![CDATA[<choices><choice><texts><text><value>Yes</value><lang>en</lang></text></texts><value>5</value><value2 /></choice><choice><texts><text><value>No</value><lang>en</lang></text></texts><value>0</value><value2 /></choice></choices>]]></bdCustomTag>
</bdCustomTag>
</bdCustomTag>
<bdCustomTag value="JobLocations">
<bdCustomTag value="job_location_field">
<bdCustomTag value="job_location_field.city"><![CDATA[Martell]]></bdCustomTag>
<bdCustomTag value="job_location_field.state_abbrev"><![CDATA[CA]]></bdCustomTag>
<bdCustomTag value="job_location_field.postal_code"><![CDATA[95654]]></bdCustomTag>
<bdCustomTag value="job_location_field.country_abbrev"><![CDATA[US]]></bdCustomTag>
<bdCustomTag value="job_location_field.primary"><![CDATA[True]]></bdCustomTag>
</bdCustomTag>
</bdCustomTag>
</PositionProfile>
<PositionProfile>
  <bdCustomTag value="job.id"><![CDATA[190775]]></bdCustomTag>
  <PositionTitle><![CDATA[Project Coordinator]]></PositionTitle>
  <PositionOrganization>
    <OrganizationIdentifiers>
      <OrganizationName><![CDATA[Sample Data]]></OrganizationName>
    </OrganizationIdentifiers>
  </PositionOrganization>
  <PositionFormattedDescription><![CDATA[<div>
<p><strong>Jake's Demo&nbsp;</strong>has been performing large, small and emergency services in our community for 35 years. Our plumbers and HVAC technicians are highly skilled and utilize the latest technologies in our industry! From emergency repairs to a major renovation, a small or large commercial, industrial or multi-family installation, we have the resources. Years of extensive experience, training and education enable us to keep your business flowing smoothly&hellip; 24/7.&nbsp;</p>
<p>Call us at 515-555-5555 or stop by, we are located at 1309 Pennsylvania Ave., South Houston, TX 77587. &nbsp;Office hours are Monday- Friday 8am - 5pm.</p>
<p><strong>Company Benefits</strong></p>
<ul>
<li>$35-45 per hour</li>
<li>Company outings &amp; parties, a great work environment and an awesome support team!</li>
<li>Tool purchase and replacement program&nbsp;</li>
<li>Smart phone &amp; Tablet</li>
<li>On call pay</li>
<li>Paid Holidays and Vacation</li>
<li>A fully stocked vehicle to drive home, uniforms and laundry service</li>
<li>Medical, Dental and Vision Insurance</li>
<li>Long Term and Short Term Disability Coverage</li>
<li>Life Insurance</li>
<li>401K with matching and vesting</li>
</ul>
<p>We are currently seeking Project Coordinator&nbsp;to join our growing team!</p>
<p>&nbsp;</p>
<p><strong>Job Responsibilities</strong></p>
<ul>
<li>Administrative assistance, marketing/proposal assistance, and other duties as assigned by management.</li>
<li>Assist with project review tracking, organization, and communication</li>
<li>Organize, distribute, and track client support requests received via phone, email, and in person</li>
<li>Perform general administrative duties to document projects and tasks in accordance with client requirements</li>
<li>Organize and maintain project files</li>
<li>Coordinates travel and meetings for group</li>
<li>Assist with reports, specifications, presentations, miscellaneous tasks, and meeting preparation/scheduling</li>
<li>Assists with spreadsheets</li>
<li>Assist with invoicing, contracts, cost proposals, contract modifications and related documentation</li>
</ul>
<strong>Qualifications</strong>
<ul>
<li>5 years relevant experience in an engineering or construction related work area.</li>
<li>Strong working knowledge and experience with Microsoft Office (Word, Excel, and PowerPoint) and Adobe Acrobat</li>
<li>Excellent written and verbal communication skills</li>
<li>Professional demeanor</li>
<li>Must have valid driver&rsquo;s license</li>
<li>Ability to work under pressure</li>
<li>Excellent customer service skills</li>
</ul>
<img src="http://jobs.ourcareerpages.com/JobStat.aspx?type=view&amp;source=Indeed&amp;id=162982" alt="" height="0" /></div>
<center><span style="color: #ff0000;"><strong>Equal Opportunity Employer, including disabled and veterans.</strong></span></center>]]></PositionFormattedDescription>
  <PositionLocation>
    <ReferenceLocation>
      <CityName><![CDATA[Huggins]]></CityName>
      <CountrySubDivisionCode listID="US States"><![CDATA[MO]]></CountrySubDivisionCode>
      <PostalCode><![CDATA[65484]]></PostalCode>
    </ReferenceLocation>
  </PositionLocation>
  <bdCustomTag value="job.skill_tags"><![CDATA[Administration]]></bdCustomTag>
  <bdCustomTag value="job.status"><![CDATA[open]]></bdCustomTag>
  <bdCustomTag value="job.app_custom_t_and_c"><![CDATA[~app_custom_t_and_c~]]></bdCustomTag>
  <bdCustomTag value="job.telecommute"><![CDATA[False]]></bdCustomTag>
  <bdCustomTag value="job.national"><![CDATA[True]]></bdCustomTag>
  <bdCustomTag value="job.openings_count"><![CDATA[1]]></bdCustomTag>
  <bdCustomTag value="job.left_to_fill_count"><![CDATA[1]]></bdCustomTag>
<bdCustomTag value="JobCustomFields">
<bdCustomTag value="job_custom_field">
<bdCustomTag value="job_custom_field.custom_text"><![CDATA[Are you legally able to work in the United States]]></bdCustomTag>
<bdCustomTag value="job_custom_field.response_type"><![CDATA[score]]></bdCustomTag>
<bdCustomTag value="job_custom_field.response_choices"><![CDATA[<choices><choice><texts><text><value>Yes</value><lang>en</lang></text></texts><value>5</value><value2 /></choice><choice><texts><text><value>No</value><lang>en</lang></text></texts><value>0</value><value2 /></choice></choices>]]></bdCustomTag>
</bdCustomTag>
</bdCustomTag>
<bdCustomTag value="JobLocations">
<bdCustomTag value="job_location_field">
<bdCustomTag value="job_location_field.city"><![CDATA[Huggins]]></bdCustomTag>
<bdCustomTag value="job_location_field.state_abbrev"><![CDATA[MO]]></bdCustomTag>
<bdCustomTag value="job_location_field.postal_code"><![CDATA[65484]]></bdCustomTag>
<bdCustomTag value="job_location_field.country_abbrev"><![CDATA[US]]></bdCustomTag>
<bdCustomTag value="job_location_field.primary"><![CDATA[True]]></bdCustomTag>
</bdCustomTag>
</bdCustomTag>
</PositionProfile>
<PositionProfile>
  <bdCustomTag value="job.id"><![CDATA[190776]]></bdCustomTag>
  <PositionTitle><![CDATA[Sales Representative]]></PositionTitle>
  <PositionOrganization>
    <OrganizationIdentifiers>
      <OrganizationName><![CDATA[Sample Data]]></OrganizationName>
    </OrganizationIdentifiers>
  </PositionOrganization>
  <PositionFormattedDescription><![CDATA[<div>
<p><strong>Jake's Demo&nbsp;</strong>has been performing large, small and emergency services in our community for 35 years. Our plumbers and HVAC technicians are highly skilled and utilize the latest technologies in our industry! From emergency repairs to a major renovation, a small or large commercial, industrial or multi-family installation, we have the resources. Years of extensive experience, training and education enable us to keep your business flowing smoothly&hellip; 24/7.&nbsp;</p>
<p>Call us at 515-555-5555 or stop by, we are located at 1309 Pennsylvania Ave., South Houston, TX 77587. &nbsp;Office hours are Monday- Friday 8am - 5pm.</p>
<p><strong>Company Benefits</strong></p>
<ul>
<li>$60,000-$70,000</li>
<li>Company outings &amp; parties, a great work environment and an awesome support team!</li>
<li>Tool purchase and replacement program</li>
<li>Boiler Training&nbsp;</li>
<li>Smart phone &amp; Tablet</li>
<li>On call pay</li>
<li>Paid Holidays and Vacation</li>
<li>A fully stocked vehicle to drive home, uniforms and laundry service</li>
<li>Medical, Dental and Vision Insurance</li>
<li>Long Term and Short Term Disability Coverage</li>
<li>Life Insurance</li>
<li>401K with matching and vesting</li>
</ul>
<p>We are currently seeking Sales Representative&nbsp;to join our growing team!</p>
<p>&nbsp;</p>
<p><strong>Job Responsibilities</strong></p>
<ul>
<li>Establish, maintain and build relations with current and prospective customer base.</li>
<li>Responsible for identifying and prospecting new customers.</li>
<li>Carry out short and long-term sales and marketing strategies.</li>
<li>Develop, maintain and improve relationships with architectural and engineering firms</li>
<li>Stay abreast of industry direction and changes and provide business intelligence and competitive information in order to carry out the company strategy.</li>
<li>Participate in industry trade associations.</li>
<li>Quote prices, credit terms, and prepare sales contracts.</li>
<li>Continually develop product knowledge to be an expert in the field.</li>
<li>Maintain and update a Customer Relationship Management Platform (CRM) on a regular basis.</li>
</ul>
<p><strong>Qualifications</strong></p>
<ul>
<li>Bachelors Degree in a related field and/or related construction and building materials industry experience.</li>
<li>Knowledge of the Concrete/Masonry/Landscape industry and general understanding of construction methods and&nbsp;principles strongly preferred.</li>
<li>Requires the ability to build relationships.</li>
<li>Presentation skills required.</li>
<li>Solid business acumen and professional demeanor.</li>
<li>Proficient PC skills with Microsoft Office are necessary.</li>
<li>Requires a valid driver's license with safe driving record.</li>
</ul>
</div>
<center><span style="color: #ff0000;"><strong>Equal Opportunity Employer, including disabled and veterans.</strong></span></center>]]></PositionFormattedDescription>
  <PositionLocation>
    <ReferenceLocation>
      <CityName><![CDATA[Oakland]]></CityName>
      <CountrySubDivisionCode listID="US States"><![CDATA[CA]]></CountrySubDivisionCode>
      <PostalCode><![CDATA[94624]]></PostalCode>
    </ReferenceLocation>
  </PositionLocation>
  <bdCustomTag value="job.skill_tags"><![CDATA[Sales]]></bdCustomTag>
  <bdCustomTag value="job.status"><![CDATA[open]]></bdCustomTag>
  <bdCustomTag value="job.app_custom_t_and_c"><![CDATA[~app_custom_t_and_c~]]></bdCustomTag>
  <bdCustomTag value="job.telecommute"><![CDATA[False]]></bdCustomTag>
  <bdCustomTag value="job.national"><![CDATA[True]]></bdCustomTag>
  <bdCustomTag value="job.openings_count"><![CDATA[1]]></bdCustomTag>
  <bdCustomTag value="job.left_to_fill_count"><![CDATA[1]]></bdCustomTag>
<bdCustomTag value="JobCustomFields">
<bdCustomTag value="job_custom_field">
<bdCustomTag value="job_custom_field.custom_text"><![CDATA[Are you legally able to work in the United States]]></bdCustomTag>
<bdCustomTag value="job_custom_field.response_type"><![CDATA[score]]></bdCustomTag>
<bdCustomTag value="job_custom_field.response_choices"><![CDATA[<choices><choice><texts><text><value>Yes</value><lang>en</lang></text></texts><value>5</value><value2 /></choice><choice><texts><text><value>No</value><lang>en</lang></text></texts><value>0</value><value2 /></choice></choices>]]></bdCustomTag>
</bdCustomTag>
</bdCustomTag>
<bdCustomTag value="JobLocations">
<bdCustomTag value="job_location_field">
<bdCustomTag value="job_location_field.city"><![CDATA[Oakland]]></bdCustomTag>
<bdCustomTag value="job_location_field.state_abbrev"><![CDATA[CA]]></bdCustomTag>
<bdCustomTag value="job_location_field.postal_code"><![CDATA[94624]]></bdCustomTag>
<bdCustomTag value="job_location_field.country_abbrev"><![CDATA[US]]></bdCustomTag>
<bdCustomTag value="job_location_field.primary"><![CDATA[True]]></bdCustomTag>
</bdCustomTag>
</bdCustomTag>
</PositionProfile>
<PositionProfile>
  <bdCustomTag value="job.id"><![CDATA[190777]]></bdCustomTag>
  <PositionTitle><![CDATA[Welder]]></PositionTitle>
  <PositionOrganization>
    <OrganizationIdentifiers>
      <OrganizationName><![CDATA[Sample Data]]></OrganizationName>
    </OrganizationIdentifiers>
  </PositionOrganization>
  <PositionFormattedDescription><![CDATA[<div>
<p><strong>Jake's Demo&nbsp;</strong>has been performing large, small and emergency services in our community for 35 years. Our plumbers and HVAC technicians are highly skilled and utilize the latest technologies in our industry! From emergency repairs to a major renovation, a small or large commercial, industrial or multi-family installation, we have the resources. Years of extensive experience, training and education enable us to keep your business flowing smoothly&hellip; 24/7.&nbsp;</p>
<p>Call us at 515-555-5555 or stop by, we are located at 1309 Pennsylvania Ave., South Houston, TX 77587. &nbsp;Office hours are Monday- Friday 8am - 5pm.</p>
<p><strong>Company Benefits</strong></p>
<ul>
<li>$42-$55/hour</li>
<li>Company outings &amp; parties, a great work environment and an awesome support team!</li>
<li>Tool purchase and replacement program</li>
<li>Boiler Training&nbsp;</li>
<li>Smart phone &amp; Tablet</li>
<li>On call pay</li>
<li>Paid Holidays and Vacation</li>
<li>A fully stocked vehicle to drive home, uniforms and laundry service</li>
<li>Medical, Dental and Vision Insurance</li>
<li>Long Term and Short Term Disability Coverage</li>
<li>Life Insurance</li>
<li>401K with matching and vesting</li>
</ul>
<p>We are currently seeking a&nbsp;Welder<strong>&nbsp;</strong>to join our growing team!</p>
<p>&nbsp;</p>
<p>&nbsp;</p>
<p><strong>Job Responsibilities</strong></p>
<ul>
<li>Fabricates a wide variety of metal structures from oral directions, sketches, drawings and blueprints for the purpose of ensuring the availability of items as needed.</li>
<li>Inspects and repairs BRC equipment and vehicle components (e.g. metal doors, frames, etc.) for the purpose of ensuring that components are in safe and proper working condition</li>
<li>Requests equipment and supplies for the purpose of maintaining inventory and ensuring availability of required items.</li>
<li>Estimates time and material costs for the purpose of determining costs for specific jobs.</li>
</ul>
<p><strong>Qualifications</strong></p>
<ul>
<li>High School Diploma/GED</li>
<li>1-2 years related experience</li>
<li>Valid driver&rsquo;s license with a satisfactory driving record</li>
<li>Good communication and listening skills</li>
<li>Ability to lift, push, pull 70+ pounds, climb heavy equipment, and bend, kneel and work with arms raised for prolonged periods of time</li>
<li>Safety and Compliance knowledge (OSHA/ANSI)</li>
<li>The noise level in the work environment ranges from moderate to moderately loud to loud.</li>
</ul>
</div>
<center><span style="color: #ff0000;"><strong>Equal Opportunity Employer, including disabled and veterans.</strong></span></center>]]></PositionFormattedDescription>
  <PositionLocation>
    <ReferenceLocation>
      <CityName><![CDATA[The Villages]]></CityName>
      <CountrySubDivisionCode listID="US States"><![CDATA[FL]]></CountrySubDivisionCode>
      <PostalCode><![CDATA[32163]]></PostalCode>
    </ReferenceLocation>
  </PositionLocation>
  <bdCustomTag value="job.skill_tags"><![CDATA[Technician]]></bdCustomTag>
  <bdCustomTag value="job.status"><![CDATA[open]]></bdCustomTag>
  <bdCustomTag value="job.app_custom_t_and_c"><![CDATA[~app_custom_t_and_c~]]></bdCustomTag>
  <bdCustomTag value="job.telecommute"><![CDATA[False]]></bdCustomTag>
  <bdCustomTag value="job.national"><![CDATA[True]]></bdCustomTag>
  <bdCustomTag value="job.openings_count"><![CDATA[1]]></bdCustomTag>
  <bdCustomTag value="job.left_to_fill_count"><![CDATA[1]]></bdCustomTag>
<bdCustomTag value="JobCustomFields">
<bdCustomTag value="job_custom_field">
<bdCustomTag value="job_custom_field.custom_text"><![CDATA[Are you legally able to work in the United States]]></bdCustomTag>
<bdCustomTag value="job_custom_field.response_type"><![CDATA[score]]></bdCustomTag>
<bdCustomTag value="job_custom_field.response_choices"><![CDATA[<choices><choice><texts><text><value>Yes</value><lang>en</lang></text></texts><value>5</value><value2 /></choice><choice><texts><text><value>No</value><lang>en</lang></text></texts><value>0</value><value2 /></choice></choices>]]></bdCustomTag>
</bdCustomTag>
</bdCustomTag>
<bdCustomTag value="JobLocations">
<bdCustomTag value="job_location_field">
<bdCustomTag value="job_location_field.city"><![CDATA[The Villages]]></bdCustomTag>
<bdCustomTag value="job_location_field.state_abbrev"><![CDATA[FL]]></bdCustomTag>
<bdCustomTag value="job_location_field.postal_code"><![CDATA[32163]]></bdCustomTag>
<bdCustomTag value="job_location_field.country_abbrev"><![CDATA[US]]></bdCustomTag>
<bdCustomTag value="job_location_field.primary"><![CDATA[True]]></bdCustomTag>
</bdCustomTag>
</bdCustomTag>
</PositionProfile>
</Jobs>
